{
    "D:/TRASH2\\aircon02\\input\\aircon02.usd": 0.004985809326171875,
    "D:/TRASH2\\brickpourrob1\\7\\PxrSurface1SG_Base_color_ACES - ACEScg.png": 0.2563133239746094,
    "D:/TRASH2\\aircon02\\substance_aircon02_project_autosave_0.spp": 0.45777463912963867,
    "D:/TRASH2\\bread\\input\\prop_sculpt_breadHigh_v002.obj": 0.5285837650299072,
    "D:/TRASH2\\bread\\substance_bread_project.spp": 12.35647988319397,
    "D:/TRASH2\\ang\\substance\\substance_angWalls_project.spp": 12.97174334526062,
    "D:/TRASH2\\brickpourrob1\\induswallbottom.spp": 14.020547866821289
}