{
    "D:/TRASH2\\aircon02\\substance_aircon02_project.spp": {
        "timeDelta": -5358271.387878418,
        "creationDate": 1721746980.3450692,
        "modificationDate": 1716388708.9571908
    },
    "D:/TRASH2\\aircon02\\substance_aircon02_project_autosave_0.spp": {
        "timeDelta": -5356437.618978739,
        "creationDate": 1721746983.8576243,
        "modificationDate": 1716390546.2386456
    },
    "D:/TRASH2\\aircon02\\substance_aircon02_project_autosave_1.spp": {
        "timeDelta": -5354591.885406017,
        "creationDate": 1721746986.1008754,
        "modificationDate": 1716392394.2154694
    },
    "D:/TRASH2\\aircon02\\input\\aircon02.usd": {
        "timeDelta": -5358572.9252951145,
        "creationDate": 1721746988.4407024,
        "modificationDate": 1716388415.5154073
    },
    "D:/TRASH2\\bread\\substance_bread_project.spp": {
        "timeDelta": -4142869.326735735,
        "creationDate": 1721747065.1336186,
        "modificationDate": 1717604195.8068829
    },
    "D:/TRASH2\\bread\\substance_bread_project_autosave_0.spp": {
        "timeDelta": -4145586.256263733,
        "creationDate": 1721747074.4423504,
        "modificationDate": 1717601488.1860867
    },
    "D:/TRASH2\\bread\\substance_bread_project_autosave_1.spp": {
        "timeDelta": -4143792.978694916,
        "creationDate": 1721747081.8826306,
        "modificationDate": 1717603288.9039357
    },
    "D:/TRASH2\\bread\\input\\bread.usd": {
        "timeDelta": -4319138.713499308,
        "creationDate": 1721747095.9169033,
        "modificationDate": 1717427957.203404
    },
    "D:/TRASH2\\bread\\input\\prop_bread_mod_v001.mtl": {
        "timeDelta": -4320076.75598979,
        "creationDate": 1721747096.5901313,
        "modificationDate": 1717427019.8341415
    },
    "D:/TRASH2\\bread\\input\\prop_bread_mod_v001.obj": {
        "timeDelta": -4320076.811833382,
        "creationDate": 1721747096.6469753,
        "modificationDate": 1717427019.835142
    },
    "D:/TRASH2\\bread\\input\\prop_sculpt_breadHigh_v001.assbin": {
        "timeDelta": -4319946.545024872,
        "creationDate": 1721747097.8587286,
        "modificationDate": 1717427151.3137038
    },
    "D:/TRASH2\\bread\\input\\prop_sculpt_breadHigh_v001.obj": {
        "timeDelta": -4320213.079667091,
        "creationDate": 1721747099.1141422,
        "modificationDate": 1717426886.034475
    },
    "D:/TRASH2\\brickpourrob1\\induswallbottom.spp": {
        "timeDelta": -19778672.196237803,
        "creationDate": 1721747131.7235744,
        "modificationDate": 1701968459.5273366
    },
    "D:/TRASH2\\bread\\input\\prop_sculpt_breadHigh_v002.assbin": {
        "timeDelta": -4154532.1976497173,
        "creationDate": 1721747108.2285304,
        "modificationDate": 1717592576.0308807
    },
    "D:/TRASH2\\ang\\substance\\substance_angbed_project.spp": {
        "timeDelta": -5876989.7934651375,
        "creationDate": 1721746994.145589,
        "modificationDate": 1715870004.352124
    },
    "D:/TRASH2\\brickpourrob1\\induswallbottom_autosave_0.spp": {
        "timeDelta": -19778797.323380947,
        "creationDate": 1721747149.3024862,
        "modificationDate": 1701968351.9791052
    },
    "D:/TRASH2\\bread\\input\\prop_sculpt_breadHigh_v002.mtl": {
        "timeDelta": -4166718.4373397827,
        "creationDate": 1721747111.6054587,
        "modificationDate": 1717580393.168119
    },
    "D:/TRASH2\\ang\\substance\\substance_angbed_project_autosave_0.spp": {
        "timeDelta": -5877919.4414970875,
        "creationDate": 1721746995.5005927,
        "modificationDate": 1715869076.0590956
    },
    "D:/TRASH2\\brickpourrob1\\induswallbottom_autosave_1.spp": {
        "timeDelta": -19780623.52857709,
        "creationDate": 1721747175.7736168,
        "modificationDate": 1701966552.2450397
    },
    "D:/TRASH2\\brickpourrob1\\7\\PxrSurface1SG_Ambient_occlusion_Utility - Raw.png": {
        "timeDelta": -19885520.934651613,
        "creationDate": 1721747201.6970606,
        "modificationDate": 1701861680.762409
    },
    "D:/TRASH2\\bread\\input\\prop_sculpt_breadHigh_v002.obj": {
        "timeDelta": -4166718.491195202,
        "creationDate": 1721747111.655325,
        "modificationDate": 1717580393.1641297
    },
    "D:/TRASH2\\ang\\substance\\substance_angcarpet_project.spp": {
        "timeDelta": -5818274.347380638,
        "creationDate": 1721746996.4936206,
        "modificationDate": 1715928722.14624
    },
    "D:/TRASH2\\brickpourrob1\\7\\PxrSurface1SG_Base_color_ACES - ACEScg.png": {
        "timeDelta": -19885455.76816511,
        "creationDate": 1721747201.7578778,
        "modificationDate": 1701861745.9897127
    },
    "D:/TRASH2\\ang\\substance\\substance_angDoor_project.spp": {
        "timeDelta": -5545140.720912218,
        "creationDate": 1721746998.270888,
        "modificationDate": 1716201857.5499759
    },
    "D:/TRASH2\\brickpourrob1\\7\\PxrSurface1SG_Height_Utility - Raw.png": {
        "timeDelta": -19885522.619116306,
        "creationDate": 1721747203.5131772,
        "modificationDate": 1701861680.8940609
    },
    "D:/TRASH2\\ang\\substance\\substance_angmirror_project.spp": {
        "timeDelta": -5873854.277006149,
        "creationDate": 1721746999.8037794,
        "modificationDate": 1715873145.5267732
    },
    "D:/TRASH2\\brickpourrob1\\7\\PxrSurface1SG_Normal_DirectX_Utility - Raw.png": {
        "timeDelta": -19885522.30398035,
        "creationDate": 1721747204.355947,
        "modificationDate": 1701861682.0519667
    },
    "D:/TRASH2\\ang\\substance\\substance_angmirror_project_autosave_0.spp": {
        "timeDelta": -5874146.433756113,
        "creationDate": 1721747002.0666938,
        "modificationDate": 1715872855.6329377
    },
    "D:/TRASH2\\brickpourrob1\\7\\PxrSurface1SG_Roughness_Utility - Raw.png": {
        "timeDelta": -19885523.75906253,
        "creationDate": 1721747204.8924825,
        "modificationDate": 1701861681.13342
    },
    "D:/TRASH2\\ang\\substance\\substance_angnighttable_project.spp": {
        "timeDelta": -5795497.165555477,
        "creationDate": 1721747003.9865873,
        "modificationDate": 1715951506.8210318
    },
    "D:/TRASH2\\ang\\substance\\substance_angWalls_project.spp": {
        "timeDelta": -5550179.062240839,
        "creationDate": 1721747005.0237746,
        "modificationDate": 1716196825.9615338
    },
    "D:/TRASH2\\ang\\substance\\substance_angWalls_project_autosave_0.spp": {
        "timeDelta": -5550391.552125692,
        "creationDate": 1721747015.3824098,
        "modificationDate": 1716196623.830284
    },
    "D:/TRASH2\\ang\\substance\\substance_angWalls_project_autosave_1.spp": {
        "timeDelta": -5552233.152731419,
        "creationDate": 1721747025.0011525,
        "modificationDate": 1716194791.848421
    }
}