{
    "C:/Users/3D4/Desktop/target_folder\\hello\\heyhey.txt": {
        "timeDelta": 0.0,
        "creationDate": 1722953134.4182253,
        "modificationDate": 1722953134.4182253
    },
    "C:/Users/3D4/Desktop/target_folder\\hello\\hey\\test.txt": {
        "timeDelta": 0.0,
        "creationDate": 1722859323.8127708,
        "modificationDate": 1722859323.8127708
    }
}